text,label
"I love this product, it works perfectly!",positive
This is the best purchase I made this year.,positive
Absolutely amazing experience!,positive
I am very happy with this service.,positive
It exceeded all my expectations.,positive
"I enjoyed using this, very helpful.",positive
This made my day so much better.,positive
Really satisfied with the quality.,positive
Fantastic! Will recommend to everyone.,positive
"Superb performance, no issues at all.",positive
"I hate this product, completely useless.",negative
This is the worst thing I ever bought.,negative
"Terrible quality, very disappointed.",negative
I am not happy with this at all.,negative
It broke after one day of use.,negative
"Awful experience, waste of money.",negative
Extremely dissatisfied with the service.,negative
This was a huge mistake buying.,negative
Never buying this again.,negative
I regret purchasing this badly.,negative
"It's okay, not too good or bad.",neutral
"It's fine, does the job.",neutral
"Average experience, nothing special.",neutral
Not bad but not great either.,neutral
It's acceptable for the price.,neutral
The product is decent.,neutral
Service was ordinary.,neutral
Experience was moderate.,neutral
It's just okay overall.,neutral
No strong feelings about it.,neutral
Very helpful and easy to use.,positive
Works extremely well for me.,positive
I am impressed with the results.,positive
Top quality and reliable.,positive
I will definitely buy it again.,positive
Great performance!,positive
Truly a wonderful experience.,positive
Everything worked perfectly.,positive
Very smooth and fast.,positive
I absolutely love it!,positive
"Completely broken, doesn't work.",negative
Worst customer support ever.,negative
Very slow and annoying.,negative
Unpleasant experience overall.,negative
I don't recommend this at all.,negative
Faulty and disappointing.,negative
Poor build quality.,negative
Stopped working randomly.,negative
"Feels cheap, not worth the price.",negative
Terribly designed product.,negative
"Neutral feelings, nothing impressive.",neutral
Average quality.,neutral
Pretty standard item.,neutral
Does what it's supposed to.,neutral
It's neither great nor terrible.,neutral
Nothing extraordinary.,neutral
A very basic product.,neutral
Experience was just alright.,neutral
It's passable.,neutral
No major issues.,neutral
This is absolutely fantastic!,positive
High quality and great value.,positive
Very satisfied with my purchase.,positive
Exceptional product!,positive
I enjoy using this every day.,positive
Perfect for my needs.,positive
Really amazing build quality.,positive
Exceeded expectations!,positive
Highly recommend it.,positive
Such a wonderful item.,positive
Completely useless and frustrating.,negative
I had a terrible time using it.,negative
Everything about it was bad.,negative
I disliked the entire experience.,negative
Not worth the money.,negative
Very poor quality.,negative
The product arrived damaged.,negative
Feels extremely cheap.,negative
Performance is awful.,negative
Totally dissatisfied.,negative
"Neither good nor bad, average.",neutral
Quality is okay.,neutral
Reasonable item.,neutral
Fairly normal product.,neutral
Nothing too exciting.,neutral
It's just fine.,neutral
Standard performance.,neutral
Acceptable for the price.,neutral
Moderately okay.,neutral
Not too impressive.,neutral
This product made things so easy!,positive
I loved every moment using it.,positive
Great value for money!,positive
Very efficient and well designed.,positive
Perfect experience overall.,positive
Super useful and reliable.,positive
Highly functional.,positive
Made my work so much better.,positive
I feel great about this purchase.,positive
This exceeded my hopes!,positive
I had a horrible experience.,negative
Everything failed miserably.,negative
Worst design ever.,negative
I regret buying this.,negative
It stopped working immediately.,negative
Absolutely terrible.,negative
Very disappointed.,negative
Feels like a scam.,negative
I had so many issues.,negative
Definitely not recommended.,negative
Nothing special about this.,neutral
It's an ordinary product.,neutral
Does the basic job.,neutral
Neither here nor there.,neutral
I can't say it's good or bad.,neutral
"It works, but nothing great.",neutral
Just okay for everyday use.,neutral
It's fine overall.,neutral
Mediocre experience.,neutral
Neutral impression.,neutral
Wonderful quality!,positive
Fantastic results!,positive
I truly love this.,positive
Very happy with it.,positive
Outstanding product.,positive
I appreciate the build quality.,positive
Everything worked flawlessly.,positive
Easy and smooth performance.,positive
Very enjoyable product.,positive
This is a gem!,positive
Completely dissatisfied and angry.,negative
I hated using this.,negative
Terrible functionality.,negative
The experience was dreadful.,negative
Really poor item.,negative
Regret buying it so much.,negative
Awful construction quality.,negative
Very unreliable.,negative
Bad in every aspect.,negative
I strongly dislike it.,negative
"It's okay, nothing great.",neutral
Neither satisfied nor disappointed.,neutral
Decent for beginners.,neutral
Nice but not amazing.,neutral
Sufficient quality.,neutral
I feel neutral about it.,neutral
Just another average item.,neutral
"No complaints, no praise.",neutral
Minimally acceptable.,neutral
It's decent enough.,neutral
mass,positive
hi good morning this a bad day,neutral
